message_id,category,seed_id,branch_id_list,generation,audio
34,glass,34,"[27, 48, 52, 54, 104, 118, 123]",0,/Users/pierce/Research/Telephone/acoustic-similarity/data/sounds/34.wav
35,glass,35,"[38, 44, 46, 56, 79, 85, 111]",0,/Users/pierce/Research/Telephone/acoustic-similarity/data/sounds/35.wav
36,glass,36,"[22, 40, 53, 82, 90, 94, 96, 97, 98, 99, 105, 116, 124, 127]",0,/Users/pierce/Research/Telephone/acoustic-similarity/data/sounds/36.wav
37,glass,37,"[25, 42, 80, 81, 91, 93, 100, 109, 117, 122, 126]",0,/Users/pierce/Research/Telephone/acoustic-similarity/data/sounds/37.wav
38,tear,38,"[0, 4, 5, 11, 60]",0,/Users/pierce/Research/Telephone/acoustic-similarity/data/sounds/38.wav
39,tear,39,"[2, 18, 19, 77, 103, 113]",0,/Users/pierce/Research/Telephone/acoustic-similarity/data/sounds/39.wav
40,tear,40,"[1, 3, 7, 21, 28, 88, 106, 114, 120]",0,/Users/pierce/Research/Telephone/acoustic-similarity/data/sounds/40.wav
41,tear,41,"[9, 13, 15, 20, 35]",0,/Users/pierce/Research/Telephone/acoustic-similarity/data/sounds/41.wav
42,water,42,"[45, 50, 58, 65, 69, 72, 75, 108]",0,/Users/pierce/Research/Telephone/acoustic-similarity/data/sounds/42.wav
43,water,43,"[41, 59, 64, 70, 78, 89, 95, 119]",0,/Users/pierce/Research/Telephone/acoustic-similarity/data/sounds/43.wav
44,water,44,"[39, 43, 47, 51, 57, 66, 68, 86, 101, 110, 115, 121]",0,/Users/pierce/Research/Telephone/acoustic-similarity/data/sounds/44.wav
45,water,45,"[49, 67, 71, 73, 74, 84, 92, 112, 125]",0,/Users/pierce/Research/Telephone/acoustic-similarity/data/sounds/45.wav
46,zipper,46,"[8, 10, 26, 31, 36, 83]",0,/Users/pierce/Research/Telephone/acoustic-similarity/data/sounds/46.wav
47,zipper,47,"[29, 30, 32, 33, 55, 62, 102]",0,/Users/pierce/Research/Telephone/acoustic-similarity/data/sounds/47.wav
48,zipper,48,"[6, 12, 14, 34, 61, 63, 76, 107]",0,/Users/pierce/Research/Telephone/acoustic-similarity/data/sounds/48.wav
49,zipper,49,"[16, 17, 23, 24, 37, 87]",0,/Users/pierce/Research/Telephone/acoustic-similarity/data/sounds/49.wav
50,water,43,"[41, 78]",1,/Users/pierce/Research/Telephone/acoustic-similarity/data/sounds/50.wav
51,tear,38,[4],1,/Users/pierce/Research/Telephone/acoustic-similarity/data/sounds/51.wav
52,water,45,"[49, 67]",1,/Users/pierce/Research/Telephone/acoustic-similarity/data/sounds/52.wav
53,zipper,47,[29],1,/Users/pierce/Research/Telephone/acoustic-similarity/data/sounds/53.wav
54,tear,38,"[5, 60]",1,/Users/pierce/Research/Telephone/acoustic-similarity/data/sounds/54.wav
55,zipper,46,"[10, 36]",1,/Users/pierce/Research/Telephone/acoustic-similarity/data/sounds/55.wav
56,glass,35,[38],1,/Users/pierce/Research/Telephone/acoustic-similarity/data/sounds/56.wav
57,glass,37,[100],1,/Users/pierce/Research/Telephone/acoustic-similarity/data/sounds/57.wav
58,water,42,[58],1,/Users/pierce/Research/Telephone/acoustic-similarity/data/sounds/58.wav
59,tear,41,[15],1,/Users/pierce/Research/Telephone/acoustic-similarity/data/sounds/59.wav
60,zipper,46,[8],1,/Users/pierce/Research/Telephone/acoustic-similarity/data/sounds/60.wav
61,glass,35,[85],1,/Users/pierce/Research/Telephone/acoustic-similarity/data/sounds/61.wav
62,tear,38,[0],1,/Users/pierce/Research/Telephone/acoustic-similarity/data/sounds/62.wav
63,glass,37,[25],1,/Users/pierce/Research/Telephone/acoustic-similarity/data/sounds/63.wav
64,water,45,[73],1,/Users/pierce/Research/Telephone/acoustic-similarity/data/sounds/64.wav
65,zipper,49,[16],1,/Users/pierce/Research/Telephone/acoustic-similarity/data/sounds/65.wav
66,water,44,[101],1,/Users/pierce/Research/Telephone/acoustic-similarity/data/sounds/66.wav
67,zipper,47,[102],1,/Users/pierce/Research/Telephone/acoustic-similarity/data/sounds/67.wav
68,tear,39,[103],1,/Users/pierce/Research/Telephone/acoustic-similarity/data/sounds/68.wav
69,glass,34,[104],1,/Users/pierce/Research/Telephone/acoustic-similarity/data/sounds/69.wav
70,zipper,48,[6],1,/Users/pierce/Research/Telephone/acoustic-similarity/data/sounds/70.wav
71,tear,38,[11],1,/Users/pierce/Research/Telephone/acoustic-similarity/data/sounds/71.wav
72,glass,36,[22],1,/Users/pierce/Research/Telephone/acoustic-similarity/data/sounds/72.wav
73,water,42,[72],1,/Users/pierce/Research/Telephone/acoustic-similarity/data/sounds/73.wav
74,glass,36,[105],1,/Users/pierce/Research/Telephone/acoustic-similarity/data/sounds/74.wav
75,tear,40,[106],1,/Users/pierce/Research/Telephone/acoustic-similarity/data/sounds/75.wav
76,zipper,48,[107],1,/Users/pierce/Research/Telephone/acoustic-similarity/data/sounds/76.wav
77,water,42,[108],1,/Users/pierce/Research/Telephone/acoustic-similarity/data/sounds/77.wav
86,tear,39,[19],1,/Users/pierce/Research/Telephone/acoustic-similarity/data/sounds/86.wav
87,glass,35,"[46, 79]",1,/Users/pierce/Research/Telephone/acoustic-similarity/data/sounds/87.wav
88,water,43,[70],1,/Users/pierce/Research/Telephone/acoustic-similarity/data/sounds/88.wav
89,zipper,46,[31],1,/Users/pierce/Research/Telephone/acoustic-similarity/data/sounds/89.wav
90,zipper,46,"[26, 83]",1,/Users/pierce/Research/Telephone/acoustic-similarity/data/sounds/90.wav
91,tear,41,[9],1,/Users/pierce/Research/Telephone/acoustic-similarity/data/sounds/91.wav
92,water,44,[51],1,/Users/pierce/Research/Telephone/acoustic-similarity/data/sounds/92.wav
93,glass,37,[109],1,/Users/pierce/Research/Telephone/acoustic-similarity/data/sounds/93.wav
94,zipper,49,"[17, 37]",1,/Users/pierce/Research/Telephone/acoustic-similarity/data/sounds/94.wav
95,water,45,"[71, 84]",1,/Users/pierce/Research/Telephone/acoustic-similarity/data/sounds/95.wav
96,water,44,[110],1,/Users/pierce/Research/Telephone/acoustic-similarity/data/sounds/96.wav
97,zipper,49,[87],1,/Users/pierce/Research/Telephone/acoustic-similarity/data/sounds/97.wav
98,tear,39,[77],1,/Users/pierce/Research/Telephone/acoustic-similarity/data/sounds/98.wav
99,glass,35,[111],1,/Users/pierce/Research/Telephone/acoustic-similarity/data/sounds/99.wav
100,tear,41,"[13, 35]",1,/Users/pierce/Research/Telephone/acoustic-similarity/data/sounds/100.wav
101,glass,34,[27],1,/Users/pierce/Research/Telephone/acoustic-similarity/data/sounds/101.wav
102,water,45,[112],1,/Users/pierce/Research/Telephone/acoustic-similarity/data/sounds/102.wav
103,zipper,48,"[12, 14, 61, 76]",1,/Users/pierce/Research/Telephone/acoustic-similarity/data/sounds/103.wav
104,tear,39,[113],1,/Users/pierce/Research/Telephone/acoustic-similarity/data/sounds/104.wav
105,zipper,48,[63],1,/Users/pierce/Research/Telephone/acoustic-similarity/data/sounds/105.wav
106,tear,40,[114],1,/Users/pierce/Research/Telephone/acoustic-similarity/data/sounds/106.wav
107,water,44,[115],1,/Users/pierce/Research/Telephone/acoustic-similarity/data/sounds/107.wav
108,glass,36,[116],1,/Users/pierce/Research/Telephone/acoustic-similarity/data/sounds/108.wav
109,glass,37,[117],1,/Users/pierce/Research/Telephone/acoustic-similarity/data/sounds/109.wav
110,tear,40,[21],1,/Users/pierce/Research/Telephone/acoustic-similarity/data/sounds/110.wav
111,glass,36,[53],1,/Users/pierce/Research/Telephone/acoustic-similarity/data/sounds/111.wav
112,water,42,"[50, 69]",1,/Users/pierce/Research/Telephone/acoustic-similarity/data/sounds/112.wav
113,zipper,47,"[33, 55]",1,/Users/pierce/Research/Telephone/acoustic-similarity/data/sounds/113.wav
114,tear,41,[20],1,/Users/pierce/Research/Telephone/acoustic-similarity/data/sounds/114.wav
115,water,42,[65],1,/Users/pierce/Research/Telephone/acoustic-similarity/data/sounds/115.wav
116,glass,34,[52],1,/Users/pierce/Research/Telephone/acoustic-similarity/data/sounds/116.wav
117,zipper,47,[30],1,/Users/pierce/Research/Telephone/acoustic-similarity/data/sounds/117.wav
118,zipper,49,[24],1,/Users/pierce/Research/Telephone/acoustic-similarity/data/sounds/118.wav
123,glass,34,[118],1,/Users/pierce/Research/Telephone/acoustic-similarity/data/sounds/123.wav
124,zipper,49,[87],2,/Users/pierce/Research/Telephone/acoustic-similarity/data/sounds/124.wav
125,water,43,[119],1,/Users/pierce/Research/Telephone/acoustic-similarity/data/sounds/125.wav
126,tear,40,[120],1,/Users/pierce/Research/Telephone/acoustic-similarity/data/sounds/126.wav
132,zipper,49,[23],1,/Users/pierce/Research/Telephone/acoustic-similarity/data/sounds/132.wav
133,water,45,[92],1,/Users/pierce/Research/Telephone/acoustic-similarity/data/sounds/133.wav
134,glass,36,[94],1,/Users/pierce/Research/Telephone/acoustic-similarity/data/sounds/134.wav
135,tear,39,[2],1,/Users/pierce/Research/Telephone/acoustic-similarity/data/sounds/135.wav
136,glass,34,[54],1,/Users/pierce/Research/Telephone/acoustic-similarity/data/sounds/136.wav
137,water,42,"[45, 75]",1,/Users/pierce/Research/Telephone/acoustic-similarity/data/sounds/137.wav
138,tear,39,[18],1,/Users/pierce/Research/Telephone/acoustic-similarity/data/sounds/138.wav
139,zipper,47,"[32, 62]",1,/Users/pierce/Research/Telephone/acoustic-similarity/data/sounds/139.wav
140,tear,40,"[7, 28]",1,/Users/pierce/Research/Telephone/acoustic-similarity/data/sounds/140.wav
141,zipper,48,[34],1,/Users/pierce/Research/Telephone/acoustic-similarity/data/sounds/141.wav
142,water,44,[121],1,/Users/pierce/Research/Telephone/acoustic-similarity/data/sounds/142.wav
143,glass,35,[44],1,/Users/pierce/Research/Telephone/acoustic-similarity/data/sounds/143.wav
144,glass,37,[91],1,/Users/pierce/Research/Telephone/acoustic-similarity/data/sounds/144.wav
145,tear,40,[3],1,/Users/pierce/Research/Telephone/acoustic-similarity/data/sounds/145.wav
146,zipper,47,"[32, 62]",2,/Users/pierce/Research/Telephone/acoustic-similarity/data/sounds/146.wav
147,water,43,[89],1,/Users/pierce/Research/Telephone/acoustic-similarity/data/sounds/147.wav
148,glass,37,[93],1,/Users/pierce/Research/Telephone/acoustic-similarity/data/sounds/148.wav
149,tear,40,[88],1,/Users/pierce/Research/Telephone/acoustic-similarity/data/sounds/149.wav
150,zipper,48,[63],2,/Users/pierce/Research/Telephone/acoustic-similarity/data/sounds/150.wav
151,water,43,[95],1,/Users/pierce/Research/Telephone/acoustic-similarity/data/sounds/151.wav
152,glass,37,[122],1,/Users/pierce/Research/Telephone/acoustic-similarity/data/sounds/152.wav
153,water,44,[43],1,/Users/pierce/Research/Telephone/acoustic-similarity/data/sounds/153.wav
154,zipper,46,[31],2,/Users/pierce/Research/Telephone/acoustic-similarity/data/sounds/154.wav
155,tear,41,"[13, 35]",2,/Users/pierce/Research/Telephone/acoustic-similarity/data/sounds/155.wav
156,tear,40,[88],2,/Users/pierce/Research/Telephone/acoustic-similarity/data/sounds/156.wav
157,water,43,[89],2,/Users/pierce/Research/Telephone/acoustic-similarity/data/sounds/157.wav
158,zipper,49,[24],2,/Users/pierce/Research/Telephone/acoustic-similarity/data/sounds/158.wav
159,glass,34,[48],1,/Users/pierce/Research/Telephone/acoustic-similarity/data/sounds/159.wav
160,glass,34,[123],1,/Users/pierce/Research/Telephone/acoustic-similarity/data/sounds/160.wav
161,water,44,[43],2,/Users/pierce/Research/Telephone/acoustic-similarity/data/sounds/161.wav
162,zipper,49,"[17, 37]",2,/Users/pierce/Research/Telephone/acoustic-similarity/data/sounds/162.wav
163,tear,41,[9],2,/Users/pierce/Research/Telephone/acoustic-similarity/data/sounds/163.wav
164,glass,36,[90],1,/Users/pierce/Research/Telephone/acoustic-similarity/data/sounds/164.wav
165,water,43,"[41, 78]",2,/Users/pierce/Research/Telephone/acoustic-similarity/data/sounds/165.wav
166,zipper,48,[6],2,/Users/pierce/Research/Telephone/acoustic-similarity/data/sounds/166.wav
167,tear,38,"[5, 60]",2,/Users/pierce/Research/Telephone/acoustic-similarity/data/sounds/167.wav
172,glass,35,[56],1,/Users/pierce/Research/Telephone/acoustic-similarity/data/sounds/172.wav
173,water,42,"[50, 69]",2,/Users/pierce/Research/Telephone/acoustic-similarity/data/sounds/173.wav
174,zipper,47,[33],2,/Users/pierce/Research/Telephone/acoustic-similarity/data/sounds/174.wav
175,tear,41,[15],2,/Users/pierce/Research/Telephone/acoustic-similarity/data/sounds/175.wav
176,tear,40,[21],2,/Users/pierce/Research/Telephone/acoustic-similarity/data/sounds/176.wav
177,zipper,48,[34],2,/Users/pierce/Research/Telephone/acoustic-similarity/data/sounds/177.wav
178,glass,34,[48],2,/Users/pierce/Research/Telephone/acoustic-similarity/data/sounds/178.wav
179,water,43,[70],2,/Users/pierce/Research/Telephone/acoustic-similarity/data/sounds/179.wav
180,glass,36,[90],2,/Users/pierce/Research/Telephone/acoustic-similarity/data/sounds/180.wav
181,tear,38,[0],2,/Users/pierce/Research/Telephone/acoustic-similarity/data/sounds/181.wav
182,zipper,48,"[12, 14, 61, 76]",2,/Users/pierce/Research/Telephone/acoustic-similarity/data/sounds/182.wav
183,water,45,"[49, 67]",2,/Users/pierce/Research/Telephone/acoustic-similarity/data/sounds/183.wav
184,water,44,[51],2,/Users/pierce/Research/Telephone/acoustic-similarity/data/sounds/184.wav
185,tear,39,[19],2,/Users/pierce/Research/Telephone/acoustic-similarity/data/sounds/185.wav
186,glass,37,[91],2,/Users/pierce/Research/Telephone/acoustic-similarity/data/sounds/186.wav
187,zipper,47,[29],2,/Users/pierce/Research/Telephone/acoustic-similarity/data/sounds/187.wav
188,glass,35,[44],2,/Users/pierce/Research/Telephone/acoustic-similarity/data/sounds/188.wav
189,tear,41,[20],2,/Users/pierce/Research/Telephone/acoustic-similarity/data/sounds/189.wav
190,water,45,[92],2,/Users/pierce/Research/Telephone/acoustic-similarity/data/sounds/190.wav
191,zipper,46,[8],2,/Users/pierce/Research/Telephone/acoustic-similarity/data/sounds/191.wav
192,glass,37,[93],2,/Users/pierce/Research/Telephone/acoustic-similarity/data/sounds/192.wav
193,zipper,46,"[26, 83]",2,/Users/pierce/Research/Telephone/acoustic-similarity/data/sounds/193.wav
194,glass,36,[94],2,/Users/pierce/Research/Telephone/acoustic-similarity/data/sounds/194.wav
195,water,43,[95],2,/Users/pierce/Research/Telephone/acoustic-similarity/data/sounds/195.wav
196,tear,40,[3],2,/Users/pierce/Research/Telephone/acoustic-similarity/data/sounds/196.wav
197,tear,38,[11],2,/Users/pierce/Research/Telephone/acoustic-similarity/data/sounds/197.wav
198,zipper,47,[30],2,/Users/pierce/Research/Telephone/acoustic-similarity/data/sounds/198.wav
199,glass,34,[54],2,/Users/pierce/Research/Telephone/acoustic-similarity/data/sounds/199.wav
200,water,42,[58],2,/Users/pierce/Research/Telephone/acoustic-similarity/data/sounds/200.wav
201,glass,36,[124],1,/Users/pierce/Research/Telephone/acoustic-similarity/data/sounds/201.wav
202,zipper,49,[23],2,/Users/pierce/Research/Telephone/acoustic-similarity/data/sounds/202.wav
203,zipper,46,"[10, 36]",2,/Users/pierce/Research/Telephone/acoustic-similarity/data/sounds/203.wav
204,tear,40,[1],1,/Users/pierce/Research/Telephone/acoustic-similarity/data/sounds/204.wav
205,glass,36,[96],1,/Users/pierce/Research/Telephone/acoustic-similarity/data/sounds/205.wav
206,tear,40,[1],2,/Users/pierce/Research/Telephone/acoustic-similarity/data/sounds/206.wav
207,zipper,49,[16],2,/Users/pierce/Research/Telephone/acoustic-similarity/data/sounds/207.wav
208,water,45,[125],1,/Users/pierce/Research/Telephone/acoustic-similarity/data/sounds/208.wav
209,water,43,[64],1,/Users/pierce/Research/Telephone/acoustic-similarity/data/sounds/209.wav
210,glass,37,[81],1,/Users/pierce/Research/Telephone/acoustic-similarity/data/sounds/210.wav
211,tear,39,[77],2,/Users/pierce/Research/Telephone/acoustic-similarity/data/sounds/211.wav
212,zipper,49,[23],3,/Users/pierce/Research/Telephone/acoustic-similarity/data/sounds/212.wav
213,zipper,46,"[10, 36]",3,/Users/pierce/Research/Telephone/acoustic-similarity/data/sounds/213.wav
214,water,44,"[39, 66, 68, 86]",1,/Users/pierce/Research/Telephone/acoustic-similarity/data/sounds/214.wav
215,glass,37,[42],1,/Users/pierce/Research/Telephone/acoustic-similarity/data/sounds/215.wav
216,tear,38,[4],2,/Users/pierce/Research/Telephone/acoustic-similarity/data/sounds/216.wav
217,tear,39,[18],2,/Users/pierce/Research/Telephone/acoustic-similarity/data/sounds/217.wav
218,zipper,47,"[32, 62]",3,/Users/pierce/Research/Telephone/acoustic-similarity/data/sounds/218.wav
219,glass,37,[126],1,/Users/pierce/Research/Telephone/acoustic-similarity/data/sounds/219.wav
220,water,44,"[47, 57]",1,/Users/pierce/Research/Telephone/acoustic-similarity/data/sounds/220.wav
221,glass,36,[96],2,/Users/pierce/Research/Telephone/acoustic-similarity/data/sounds/221.wav
222,tear,39,[2],2,/Users/pierce/Research/Telephone/acoustic-similarity/data/sounds/222.wav
223,zipper,47,[30],3,/Users/pierce/Research/Telephone/acoustic-similarity/data/sounds/223.wav
224,water,43,[59],1,/Users/pierce/Research/Telephone/acoustic-similarity/data/sounds/224.wav
225,tear,40,"[7, 28]",2,/Users/pierce/Research/Telephone/acoustic-similarity/data/sounds/225.wav
226,glass,37,[42],2,/Users/pierce/Research/Telephone/acoustic-similarity/data/sounds/226.wav
227,zipper,47,[29],3,/Users/pierce/Research/Telephone/acoustic-similarity/data/sounds/227.wav
228,water,45,"[71, 84]",2,/Users/pierce/Research/Telephone/acoustic-similarity/data/sounds/228.wav
229,tear,41,[15],3,/Users/pierce/Research/Telephone/acoustic-similarity/data/sounds/229.wav
230,zipper,46,[83],3,/Users/pierce/Research/Telephone/acoustic-similarity/data/sounds/230.wav
231,water,42,"[45, 75]",2,/Users/pierce/Research/Telephone/acoustic-similarity/data/sounds/231.wav
232,glass,37,[81],2,/Users/pierce/Research/Telephone/acoustic-similarity/data/sounds/232.wav
233,tear,39,[77],3,/Users/pierce/Research/Telephone/acoustic-similarity/data/sounds/233.wav
234,water,42,[72],2,/Users/pierce/Research/Telephone/acoustic-similarity/data/sounds/234.wav
235,glass,35,[38],2,/Users/pierce/Research/Telephone/acoustic-similarity/data/sounds/235.wav
236,zipper,48,[34],3,/Users/pierce/Research/Telephone/acoustic-similarity/data/sounds/236.wav
237,zipper,46,[8],3,/Users/pierce/Research/Telephone/acoustic-similarity/data/sounds/237.wav
238,tear,39,[19],3,/Users/pierce/Research/Telephone/acoustic-similarity/data/sounds/238.wav
239,glass,36,[127],1,/Users/pierce/Research/Telephone/acoustic-similarity/data/sounds/239.wav
240,water,45,[74],1,/Users/pierce/Research/Telephone/acoustic-similarity/data/sounds/240.wav
241,zipper,46,[31],3,/Users/pierce/Research/Telephone/acoustic-similarity/data/sounds/241.wav
242,glass,36,[97],1,/Users/pierce/Research/Telephone/acoustic-similarity/data/sounds/242.wav
243,tear,40,[3],3,/Users/pierce/Research/Telephone/acoustic-similarity/data/sounds/243.wav
244,zipper,49,[24],3,/Users/pierce/Research/Telephone/acoustic-similarity/data/sounds/244.wav
245,glass,37,[80],1,/Users/pierce/Research/Telephone/acoustic-similarity/data/sounds/245.wav
246,water,44,"[39, 66, 68, 86]",2,/Users/pierce/Research/Telephone/acoustic-similarity/data/sounds/246.wav
247,zipper,49,[16],3,/Users/pierce/Research/Telephone/acoustic-similarity/data/sounds/247.wav
248,tear,38,[4],3,/Users/pierce/Research/Telephone/acoustic-similarity/data/sounds/248.wav
249,water,43,[59],2,/Users/pierce/Research/Telephone/acoustic-similarity/data/sounds/249.wav
250,tear,38,[0],3,/Users/pierce/Research/Telephone/acoustic-similarity/data/sounds/250.wav
251,glass,37,[25],2,/Users/pierce/Research/Telephone/acoustic-similarity/data/sounds/251.wav
252,water,44,[47],2,/Users/pierce/Research/Telephone/acoustic-similarity/data/sounds/252.wav
253,water,43,[64],2,/Users/pierce/Research/Telephone/acoustic-similarity/data/sounds/253.wav
254,tear,41,"[13, 35]",3,/Users/pierce/Research/Telephone/acoustic-similarity/data/sounds/254.wav
255,zipper,49,"[17, 37]",3,/Users/pierce/Research/Telephone/acoustic-similarity/data/sounds/255.wav
256,glass,36,[22],2,/Users/pierce/Research/Telephone/acoustic-similarity/data/sounds/256.wav
257,zipper,47,[33],3,/Users/pierce/Research/Telephone/acoustic-similarity/data/sounds/257.wav
258,water,45,[73],2,/Users/pierce/Research/Telephone/acoustic-similarity/data/sounds/258.wav
259,glass,36,[97],2,/Users/pierce/Research/Telephone/acoustic-similarity/data/sounds/259.wav
260,tear,41,[20],3,/Users/pierce/Research/Telephone/acoustic-similarity/data/sounds/260.wav
261,tear,41,[9],3,/Users/pierce/Research/Telephone/acoustic-similarity/data/sounds/261.wav
262,zipper,48,[63],3,/Users/pierce/Research/Telephone/acoustic-similarity/data/sounds/262.wav
263,glass,35,[85],2,/Users/pierce/Research/Telephone/acoustic-similarity/data/sounds/263.wav
264,water,42,[65],2,/Users/pierce/Research/Telephone/acoustic-similarity/data/sounds/264.wav
265,zipper,46,[26],3,/Users/pierce/Research/Telephone/acoustic-similarity/data/sounds/265.wav
266,glass,35,"[46, 79]",2,/Users/pierce/Research/Telephone/acoustic-similarity/data/sounds/266.wav
267,water,45,[74],2,/Users/pierce/Research/Telephone/acoustic-similarity/data/sounds/267.wav
268,tear,39,[18],3,/Users/pierce/Research/Telephone/acoustic-similarity/data/sounds/268.wav
269,tear,40,"[7, 28]",3,/Users/pierce/Research/Telephone/acoustic-similarity/data/sounds/269.wav
270,glass,36,[98],1,/Users/pierce/Research/Telephone/acoustic-similarity/data/sounds/270.wav
271,tear,38,[11],3,/Users/pierce/Research/Telephone/acoustic-similarity/data/sounds/271.wav
272,water,45,[71],3,/Users/pierce/Research/Telephone/acoustic-similarity/data/sounds/272.wav
273,zipper,48,[6],3,/Users/pierce/Research/Telephone/acoustic-similarity/data/sounds/273.wav
274,water,42,[72],3,/Users/pierce/Research/Telephone/acoustic-similarity/data/sounds/274.wav
275,zipper,48,"[14, 61, 76]",3,/Users/pierce/Research/Telephone/acoustic-similarity/data/sounds/275.wav
276,zipper,48,[12],3,/Users/pierce/Research/Telephone/acoustic-similarity/data/sounds/276.wav
277,glass,36,"[40, 82]",1,/Users/pierce/Research/Telephone/acoustic-similarity/data/sounds/277.wav
278,water,45,[84],3,/Users/pierce/Research/Telephone/acoustic-similarity/data/sounds/278.wav
279,water,45,[73],3,/Users/pierce/Research/Telephone/acoustic-similarity/data/sounds/279.wav
280,tear,40,[1],3,/Users/pierce/Research/Telephone/acoustic-similarity/data/sounds/280.wav
281,glass,36,[99],1,/Users/pierce/Research/Telephone/acoustic-similarity/data/sounds/281.wav
282,tear,40,[21],3,/Users/pierce/Research/Telephone/acoustic-similarity/data/sounds/282.wav
283,zipper,47,[29],4,/Users/pierce/Research/Telephone/acoustic-similarity/data/sounds/283.wav
284,glass,34,[27],2,/Users/pierce/Research/Telephone/acoustic-similarity/data/sounds/284.wav
285,water,42,[58],3,/Users/pierce/Research/Telephone/acoustic-similarity/data/sounds/285.wav
286,glass,37,[80],2,/Users/pierce/Research/Telephone/acoustic-similarity/data/sounds/286.wav
287,tear,38,"[5, 60]",3,/Users/pierce/Research/Telephone/acoustic-similarity/data/sounds/287.wav
288,zipper,49,"[17, 37]",4,/Users/pierce/Research/Telephone/acoustic-similarity/data/sounds/288.wav
289,water,45,[74],3,/Users/pierce/Research/Telephone/acoustic-similarity/data/sounds/289.wav
290,zipper,46,[26],4,/Users/pierce/Research/Telephone/acoustic-similarity/data/sounds/290.wav
291,water,43,[70],3,/Users/pierce/Research/Telephone/acoustic-similarity/data/sounds/291.wav
292,tear,39,[2],3,/Users/pierce/Research/Telephone/acoustic-similarity/data/sounds/292.wav
293,glass,36,[98],2,/Users/pierce/Research/Telephone/acoustic-similarity/data/sounds/293.wav
294,zipper,47,[33],4,/Users/pierce/Research/Telephone/acoustic-similarity/data/sounds/294.wav
295,water,42,"[50, 69]",3,/Users/pierce/Research/Telephone/acoustic-similarity/data/sounds/295.wav
296,tear,38,[11],4,/Users/pierce/Research/Telephone/acoustic-similarity/data/sounds/296.wav
297,glass,36,[99],2,/Users/pierce/Research/Telephone/acoustic-similarity/data/sounds/297.wav
298,tear,38,"[5, 60]",4,/Users/pierce/Research/Telephone/acoustic-similarity/data/sounds/298.wav
299,zipper,46,[8],4,/Users/pierce/Research/Telephone/acoustic-similarity/data/sounds/299.wav
300,water,44,[43],3,/Users/pierce/Research/Telephone/acoustic-similarity/data/sounds/300.wav
301,glass,35,[56],2,/Users/pierce/Research/Telephone/acoustic-similarity/data/sounds/301.wav
302,tear,39,[19],4,/Users/pierce/Research/Telephone/acoustic-similarity/data/sounds/302.wav
303,water,43,[59],3,/Users/pierce/Research/Telephone/acoustic-similarity/data/sounds/303.wav
304,tear,39,[2],4,/Users/pierce/Research/Telephone/acoustic-similarity/data/sounds/304.wav
305,glass,36,[53],2,/Users/pierce/Research/Telephone/acoustic-similarity/data/sounds/305.wav
306,zipper,48,[6],4,/Users/pierce/Research/Telephone/acoustic-similarity/data/sounds/306.wav
307,glass,34,[52],2,/Users/pierce/Research/Telephone/acoustic-similarity/data/sounds/307.wav
308,tear,38,[0],4,/Users/pierce/Research/Telephone/acoustic-similarity/data/sounds/308.wav
309,zipper,48,[76],4,/Users/pierce/Research/Telephone/acoustic-similarity/data/sounds/309.wav
310,water,42,[65],3,/Users/pierce/Research/Telephone/acoustic-similarity/data/sounds/310.wav
311,tear,41,[9],4,/Users/pierce/Research/Telephone/acoustic-similarity/data/sounds/311.wav
312,water,44,[51],3,/Users/pierce/Research/Telephone/acoustic-similarity/data/sounds/312.wav
313,zipper,49,[23],4,/Users/pierce/Research/Telephone/acoustic-similarity/data/sounds/313.wav
314,glass,36,"[40, 82]",2,/Users/pierce/Research/Telephone/acoustic-similarity/data/sounds/314.wav
315,water,42,"[45, 75]",3,/Users/pierce/Research/Telephone/acoustic-similarity/data/sounds/315.wav
316,tear,40,[1],4,/Users/pierce/Research/Telephone/acoustic-similarity/data/sounds/316.wav
317,glass,35,[44],3,/Users/pierce/Research/Telephone/acoustic-similarity/data/sounds/317.wav
318,zipper,46,"[10, 36]",4,/Users/pierce/Research/Telephone/acoustic-similarity/data/sounds/318.wav
319,tear,40,[28],4,/Users/pierce/Research/Telephone/acoustic-similarity/data/sounds/319.wav
320,tear,40,[7],4,/Users/pierce/Research/Telephone/acoustic-similarity/data/sounds/320.wav
321,glass,34,[27],3,/Users/pierce/Research/Telephone/acoustic-similarity/data/sounds/321.wav
322,zipper,46,[31],4,/Users/pierce/Research/Telephone/acoustic-similarity/data/sounds/322.wav
323,water,44,[47],3,/Users/pierce/Research/Telephone/acoustic-similarity/data/sounds/323.wav
324,glass,35,[85],3,/Users/pierce/Research/Telephone/acoustic-similarity/data/sounds/324.wav
325,zipper,48,[34],4,/Users/pierce/Research/Telephone/acoustic-similarity/data/sounds/325.wav
326,water,43,[64],3,/Users/pierce/Research/Telephone/acoustic-similarity/data/sounds/326.wav
327,water,43,"[41, 78]",3,/Users/pierce/Research/Telephone/acoustic-similarity/data/sounds/327.wav
328,tear,40,[3],4,/Users/pierce/Research/Telephone/acoustic-similarity/data/sounds/328.wav
329,glass,36,[53],3,/Users/pierce/Research/Telephone/acoustic-similarity/data/sounds/329.wav
330,zipper,49,[16],4,/Users/pierce/Research/Telephone/acoustic-similarity/data/sounds/330.wav
331,glass,37,[81],3,/Users/pierce/Research/Telephone/acoustic-similarity/data/sounds/331.wav
332,zipper,48,[63],4,/Users/pierce/Research/Telephone/acoustic-similarity/data/sounds/332.wav
333,water,44,[86],3,/Users/pierce/Research/Telephone/acoustic-similarity/data/sounds/333.wav
334,tear,39,[77],4,/Users/pierce/Research/Telephone/acoustic-similarity/data/sounds/334.wav
335,tear,39,[18],4,/Users/pierce/Research/Telephone/acoustic-similarity/data/sounds/335.wav
336,glass,36,"[40, 82]",3,/Users/pierce/Research/Telephone/acoustic-similarity/data/sounds/336.wav
337,water,45,"[49, 67]",3,/Users/pierce/Research/Telephone/acoustic-similarity/data/sounds/337.wav
338,zipper,47,[30],4,/Users/pierce/Research/Telephone/acoustic-similarity/data/sounds/338.wav
339,tear,38,[4],4,/Users/pierce/Research/Telephone/acoustic-similarity/data/sounds/339.wav
340,water,44,"[39, 66]",3,/Users/pierce/Research/Telephone/acoustic-similarity/data/sounds/340.wav
341,glass,37,[80],3,/Users/pierce/Research/Telephone/acoustic-similarity/data/sounds/341.wav
342,zipper,47,"[32, 62]",4,/Users/pierce/Research/Telephone/acoustic-similarity/data/sounds/342.wav
343,water,44,[68],3,/Users/pierce/Research/Telephone/acoustic-similarity/data/sounds/343.wav
344,glass,37,[25],3,/Users/pierce/Research/Telephone/acoustic-similarity/data/sounds/344.wav
345,zipper,48,"[14, 61]",4,/Users/pierce/Research/Telephone/acoustic-similarity/data/sounds/345.wav
346,tear,41,[20],4,/Users/pierce/Research/Telephone/acoustic-similarity/data/sounds/346.wav
347,water,45,[71],4,/Users/pierce/Research/Telephone/acoustic-similarity/data/sounds/347.wav
348,glass,34,[52],3,/Users/pierce/Research/Telephone/acoustic-similarity/data/sounds/348.wav
349,tear,41,[15],4,/Users/pierce/Research/Telephone/acoustic-similarity/data/sounds/349.wav
350,zipper,49,[24],4,/Users/pierce/Research/Telephone/acoustic-similarity/data/sounds/350.wav
351,water,42,[58],4,/Users/pierce/Research/Telephone/acoustic-similarity/data/sounds/351.wav
352,zipper,48,[12],4,/Users/pierce/Research/Telephone/acoustic-similarity/data/sounds/352.wav
353,water,43,[59],4,/Users/pierce/Research/Telephone/acoustic-similarity/data/sounds/353.wav
354,tear,41,"[13, 35]",4,/Users/pierce/Research/Telephone/acoustic-similarity/data/sounds/354.wav
355,glass,37,[42],3,/Users/pierce/Research/Telephone/acoustic-similarity/data/sounds/355.wav
356,tear,40,[21],4,/Users/pierce/Research/Telephone/acoustic-similarity/data/sounds/356.wav
357,zipper,46,[8],5,/Users/pierce/Research/Telephone/acoustic-similarity/data/sounds/357.wav
358,glass,36,[22],3,/Users/pierce/Research/Telephone/acoustic-similarity/data/sounds/358.wav
359,water,42,[72],4,/Users/pierce/Research/Telephone/acoustic-similarity/data/sounds/359.wav
360,zipper,49,"[17, 37]",5,/Users/pierce/Research/Telephone/acoustic-similarity/data/sounds/360.wav
361,glass,35,[56],3,/Users/pierce/Research/Telephone/acoustic-similarity/data/sounds/361.wav
362,tear,41,[9],5,/Users/pierce/Research/Telephone/acoustic-similarity/data/sounds/362.wav
363,water,44,"[39, 66]",4,/Users/pierce/Research/Telephone/acoustic-similarity/data/sounds/363.wav
364,water,42,"[45, 75]",4,/Users/pierce/Research/Telephone/acoustic-similarity/data/sounds/364.wav
365,glass,34,[48],3,/Users/pierce/Research/Telephone/acoustic-similarity/data/sounds/365.wav
366,zipper,47,[33],5,/Users/pierce/Research/Telephone/acoustic-similarity/data/sounds/366.wav
367,tear,41,"[13, 35]",5,/Users/pierce/Research/Telephone/acoustic-similarity/data/sounds/367.wav
368,glass,34,[54],3,/Users/pierce/Research/Telephone/acoustic-similarity/data/sounds/368.wav
369,water,42,[65],4,/Users/pierce/Research/Telephone/acoustic-similarity/data/sounds/369.wav
370,tear,39,[2],5,/Users/pierce/Research/Telephone/acoustic-similarity/data/sounds/370.wav
371,zipper,46,"[10, 36]",5,/Users/pierce/Research/Telephone/acoustic-similarity/data/sounds/371.wav
372,water,44,[68],4,/Users/pierce/Research/Telephone/acoustic-similarity/data/sounds/372.wav
373,tear,40,[3],5,/Users/pierce/Research/Telephone/acoustic-similarity/data/sounds/373.wav
374,zipper,49,[24],5,/Users/pierce/Research/Telephone/acoustic-similarity/data/sounds/374.wav
375,water,42,"[50, 69]",4,/Users/pierce/Research/Telephone/acoustic-similarity/data/sounds/375.wav
376,tear,40,[1],5,/Users/pierce/Research/Telephone/acoustic-similarity/data/sounds/376.wav
377,zipper,47,[30],5,/Users/pierce/Research/Telephone/acoustic-similarity/data/sounds/377.wav
378,glass,35,[79],3,/Users/pierce/Research/Telephone/acoustic-similarity/data/sounds/378.wav
379,glass,35,[38],3,/Users/pierce/Research/Telephone/acoustic-similarity/data/sounds/379.wav
380,zipper,48,[34],5,/Users/pierce/Research/Telephone/acoustic-similarity/data/sounds/380.wav
381,water,44,[51],4,/Users/pierce/Research/Telephone/acoustic-similarity/data/sounds/381.wav
382,tear,41,[15],5,/Users/pierce/Research/Telephone/acoustic-similarity/data/sounds/382.wav
383,glass,36,[53],4,/Users/pierce/Research/Telephone/acoustic-similarity/data/sounds/383.wav
384,glass,37,[25],4,/Users/pierce/Research/Telephone/acoustic-similarity/data/sounds/384.wav
385,tear,40,[28],5,/Users/pierce/Research/Telephone/acoustic-similarity/data/sounds/385.wav
386,water,44,[43],4,/Users/pierce/Research/Telephone/acoustic-similarity/data/sounds/386.wav
387,zipper,46,[26],5,/Users/pierce/Research/Telephone/acoustic-similarity/data/sounds/387.wav
388,glass,35,[46],3,/Users/pierce/Research/Telephone/acoustic-similarity/data/sounds/388.wav
389,water,44,[47],4,/Users/pierce/Research/Telephone/acoustic-similarity/data/sounds/389.wav
390,tear,39,[19],5,/Users/pierce/Research/Telephone/acoustic-similarity/data/sounds/390.wav
391,zipper,49,[23],5,/Users/pierce/Research/Telephone/acoustic-similarity/data/sounds/391.wav
392,zipper,46,[31],5,/Users/pierce/Research/Telephone/acoustic-similarity/data/sounds/392.wav
393,water,43,[64],4,/Users/pierce/Research/Telephone/acoustic-similarity/data/sounds/393.wav
394,tear,38,[0],5,/Users/pierce/Research/Telephone/acoustic-similarity/data/sounds/394.wav
395,tear,38,[60],5,/Users/pierce/Research/Telephone/acoustic-similarity/data/sounds/395.wav
396,glass,35,[46],4,/Users/pierce/Research/Telephone/acoustic-similarity/data/sounds/396.wav
397,water,45,[74],4,/Users/pierce/Research/Telephone/acoustic-similarity/data/sounds/397.wav
398,tear,38,[4],5,/Users/pierce/Research/Telephone/acoustic-similarity/data/sounds/398.wav
399,glass,37,[42],4,/Users/pierce/Research/Telephone/acoustic-similarity/data/sounds/399.wav
400,zipper,48,[61],5,/Users/pierce/Research/Telephone/acoustic-similarity/data/sounds/400.wav
401,zipper,47,[62],5,/Users/pierce/Research/Telephone/acoustic-similarity/data/sounds/401.wav
402,water,43,[78],4,/Users/pierce/Research/Telephone/acoustic-similarity/data/sounds/402.wav
403,water,43,[70],4,/Users/pierce/Research/Telephone/acoustic-similarity/data/sounds/403.wav
404,glass,35,[79],4,/Users/pierce/Research/Telephone/acoustic-similarity/data/sounds/404.wav
405,glass,35,[44],4,/Users/pierce/Research/Telephone/acoustic-similarity/data/sounds/405.wav
406,glass,35,[38],4,/Users/pierce/Research/Telephone/acoustic-similarity/data/sounds/406.wav
407,tear,38,[11],5,/Users/pierce/Research/Telephone/acoustic-similarity/data/sounds/407.wav
408,tear,40,[7],5,/Users/pierce/Research/Telephone/acoustic-similarity/data/sounds/408.wav
409,zipper,49,[16],5,/Users/pierce/Research/Telephone/acoustic-similarity/data/sounds/409.wav
410,water,45,"[49, 67]",4,/Users/pierce/Research/Telephone/acoustic-similarity/data/sounds/410.wav
411,glass,36,[22],4,/Users/pierce/Research/Telephone/acoustic-similarity/data/sounds/411.wav
412,zipper,48,[63],5,/Users/pierce/Research/Telephone/acoustic-similarity/data/sounds/412.wav
413,tear,40,[21],5,/Users/pierce/Research/Telephone/acoustic-similarity/data/sounds/413.wav
414,water,45,[73],4,/Users/pierce/Research/Telephone/acoustic-similarity/data/sounds/414.wav
415,zipper,47,[29],5,/Users/pierce/Research/Telephone/acoustic-similarity/data/sounds/415.wav
416,glass,37,[80],4,/Users/pierce/Research/Telephone/acoustic-similarity/data/sounds/416.wav
417,tear,41,[20],5,/Users/pierce/Research/Telephone/acoustic-similarity/data/sounds/417.wav
418,zipper,48,[12],5,/Users/pierce/Research/Telephone/acoustic-similarity/data/sounds/418.wav
419,water,43,[64],5,/Users/pierce/Research/Telephone/acoustic-similarity/data/sounds/419.wav
420,tear,39,[18],5,/Users/pierce/Research/Telephone/acoustic-similarity/data/sounds/420.wav
421,water,42,[65],5,/Users/pierce/Research/Telephone/acoustic-similarity/data/sounds/421.wav
422,zipper,48,[6],5,/Users/pierce/Research/Telephone/acoustic-similarity/data/sounds/422.wav
423,glass,35,[56],4,/Users/pierce/Research/Telephone/acoustic-similarity/data/sounds/423.wav
424,tear,40,[1],6,/Users/pierce/Research/Telephone/acoustic-similarity/data/sounds/424.wav
425,tear,40,[28],6,/Users/pierce/Research/Telephone/acoustic-similarity/data/sounds/425.wav
426,zipper,47,[29],6,/Users/pierce/Research/Telephone/acoustic-similarity/data/sounds/426.wav
427,glass,34,[27],4,/Users/pierce/Research/Telephone/acoustic-similarity/data/sounds/427.wav
428,water,44,[66],5,/Users/pierce/Research/Telephone/acoustic-similarity/data/sounds/428.wav
429,glass,34,[48],4,/Users/pierce/Research/Telephone/acoustic-similarity/data/sounds/429.wav
430,zipper,49,[24],6,/Users/pierce/Research/Telephone/acoustic-similarity/data/sounds/430.wav
431,glass,37,[81],4,/Users/pierce/Research/Telephone/acoustic-similarity/data/sounds/431.wav
432,water,45,[67],5,/Users/pierce/Research/Telephone/acoustic-similarity/data/sounds/432.wav
433,tear,40,[21],6,/Users/pierce/Research/Telephone/acoustic-similarity/data/sounds/433.wav
434,glass,36,[82],4,/Users/pierce/Research/Telephone/acoustic-similarity/data/sounds/434.wav
435,zipper,49,[23],6,/Users/pierce/Research/Telephone/acoustic-similarity/data/sounds/435.wav
436,tear,38,[5],5,/Users/pierce/Research/Telephone/acoustic-similarity/data/sounds/436.wav
437,water,44,[47],5,/Users/pierce/Research/Telephone/acoustic-similarity/data/sounds/437.wav
438,glass,34,[54],4,/Users/pierce/Research/Telephone/acoustic-similarity/data/sounds/438.wav
439,tear,41,[15],6,/Users/pierce/Research/Telephone/acoustic-similarity/data/sounds/439.wav
440,zipper,48,[14],5,/Users/pierce/Research/Telephone/acoustic-similarity/data/sounds/440.wav
441,water,43,[41],4,/Users/pierce/Research/Telephone/acoustic-similarity/data/sounds/441.wav
442,water,45,[49],5,/Users/pierce/Research/Telephone/acoustic-similarity/data/sounds/442.wav
443,zipper,47,[32],5,/Users/pierce/Research/Telephone/acoustic-similarity/data/sounds/443.wav
444,tear,39,[19],6,/Users/pierce/Research/Telephone/acoustic-similarity/data/sounds/444.wav
445,glass,36,[40],4,/Users/pierce/Research/Telephone/acoustic-similarity/data/sounds/445.wav
446,zipper,47,[30],6,/Users/pierce/Research/Telephone/acoustic-similarity/data/sounds/446.wav
447,tear,38,[11],6,/Users/pierce/Research/Telephone/acoustic-similarity/data/sounds/447.wav
448,water,44,[68],5,/Users/pierce/Research/Telephone/acoustic-similarity/data/sounds/448.wav
449,glass,34,[52],4,/Users/pierce/Research/Telephone/acoustic-similarity/data/sounds/449.wav
450,tear,40,[3],6,/Users/pierce/Research/Telephone/acoustic-similarity/data/sounds/450.wav
451,water,42,[69],5,/Users/pierce/Research/Telephone/acoustic-similarity/data/sounds/451.wav
452,glass,36,[40],5,/Users/pierce/Research/Telephone/acoustic-similarity/data/sounds/452.wav
453,zipper,46,[31],6,/Users/pierce/Research/Telephone/acoustic-similarity/data/sounds/453.wav
454,tear,41,[20],6,/Users/pierce/Research/Telephone/acoustic-similarity/data/sounds/454.wav
455,water,43,[70],5,/Users/pierce/Research/Telephone/acoustic-similarity/data/sounds/455.wav
456,zipper,46,[8],6,/Users/pierce/Research/Telephone/acoustic-similarity/data/sounds/456.wav
457,glass,36,[53],5,/Users/pierce/Research/Telephone/acoustic-similarity/data/sounds/457.wav
458,tear,38,[0],6,/Users/pierce/Research/Telephone/acoustic-similarity/data/sounds/458.wav
459,water,43,[59],5,/Users/pierce/Research/Telephone/acoustic-similarity/data/sounds/459.wav
460,glass,35,[56],5,/Users/pierce/Research/Telephone/acoustic-similarity/data/sounds/460.wav
461,zipper,47,[32],6,/Users/pierce/Research/Telephone/acoustic-similarity/data/sounds/461.wav
462,zipper,48,[6],6,/Users/pierce/Research/Telephone/acoustic-similarity/data/sounds/462.wav
463,tear,41,[9],6,/Users/pierce/Research/Telephone/acoustic-similarity/data/sounds/463.wav
464,glass,35,[46],5,/Users/pierce/Research/Telephone/acoustic-similarity/data/sounds/464.wav
465,water,43,[41],5,/Users/pierce/Research/Telephone/acoustic-similarity/data/sounds/465.wav
466,water,45,[71],5,/Users/pierce/Research/Telephone/acoustic-similarity/data/sounds/466.wav
467,tear,38,[4],6,/Users/pierce/Research/Telephone/acoustic-similarity/data/sounds/467.wav
468,zipper,47,[33],6,/Users/pierce/Research/Telephone/acoustic-similarity/data/sounds/468.wav
469,glass,37,[25],5,/Users/pierce/Research/Telephone/acoustic-similarity/data/sounds/469.wav
470,water,42,[45],5,/Users/pierce/Research/Telephone/acoustic-similarity/data/sounds/470.wav
471,glass,34,[27],5,/Users/pierce/Research/Telephone/acoustic-similarity/data/sounds/471.wav
472,tear,39,[2],6,/Users/pierce/Research/Telephone/acoustic-similarity/data/sounds/472.wav
473,zipper,48,[34],6,/Users/pierce/Research/Telephone/acoustic-similarity/data/sounds/473.wav
474,tear,41,[35],6,/Users/pierce/Research/Telephone/acoustic-similarity/data/sounds/474.wav
475,glass,34,[52],5,/Users/pierce/Research/Telephone/acoustic-similarity/data/sounds/475.wav
476,water,44,[51],5,/Users/pierce/Research/Telephone/acoustic-similarity/data/sounds/476.wav
477,zipper,48,[12],6,/Users/pierce/Research/Telephone/acoustic-similarity/data/sounds/477.wav
478,zipper,46,[36],6,/Users/pierce/Research/Telephone/acoustic-similarity/data/sounds/478.wav
479,water,42,[72],5,/Users/pierce/Research/Telephone/acoustic-similarity/data/sounds/479.wav
480,glass,35,[44],5,/Users/pierce/Research/Telephone/acoustic-similarity/data/sounds/480.wav
481,tear,38,[5],6,/Users/pierce/Research/Telephone/acoustic-similarity/data/sounds/481.wav
482,tear,40,[7],6,/Users/pierce/Research/Telephone/acoustic-similarity/data/sounds/482.wav
483,glass,34,[48],5,/Users/pierce/Research/Telephone/acoustic-similarity/data/sounds/483.wav
484,zipper,49,[16],6,/Users/pierce/Research/Telephone/acoustic-similarity/data/sounds/484.wav
485,water,42,[58],5,/Users/pierce/Research/Telephone/acoustic-similarity/data/sounds/485.wav
486,tear,39,[18],6,/Users/pierce/Research/Telephone/acoustic-similarity/data/sounds/486.wav
487,water,45,[73],5,/Users/pierce/Research/Telephone/acoustic-similarity/data/sounds/487.wav
488,zipper,46,[26],6,/Users/pierce/Research/Telephone/acoustic-similarity/data/sounds/488.wav
489,glass,34,[54],5,/Users/pierce/Research/Telephone/acoustic-similarity/data/sounds/489.wav
490,tear,38,[4],7,/Users/pierce/Research/Telephone/acoustic-similarity/data/sounds/490.wav
491,glass,36,[22],5,/Users/pierce/Research/Telephone/acoustic-similarity/data/sounds/491.wav
492,water,44,[43],5,/Users/pierce/Research/Telephone/acoustic-similarity/data/sounds/492.wav
493,zipper,49,[37],6,/Users/pierce/Research/Telephone/acoustic-similarity/data/sounds/493.wav
494,zipper,48,[14],6,/Users/pierce/Research/Telephone/acoustic-similarity/data/sounds/494.wav
495,tear,38,[5],7,/Users/pierce/Research/Telephone/acoustic-similarity/data/sounds/495.wav
496,glass,35,[38],5,/Users/pierce/Research/Telephone/acoustic-similarity/data/sounds/496.wav
497,water,45,[74],5,/Users/pierce/Research/Telephone/acoustic-similarity/data/sounds/497.wav
498,glass,37,[42],5,/Users/pierce/Research/Telephone/acoustic-similarity/data/sounds/498.wav
499,zipper,48,[6],7,/Users/pierce/Research/Telephone/acoustic-similarity/data/sounds/499.wav
500,tear,40,[7],7,/Users/pierce/Research/Telephone/acoustic-similarity/data/sounds/500.wav
501,water,44,[39],5,/Users/pierce/Research/Telephone/acoustic-similarity/data/sounds/501.wav
502,glass,35,[38],6,/Users/pierce/Research/Telephone/acoustic-similarity/data/sounds/502.wav
503,tear,41,[13],6,/Users/pierce/Research/Telephone/acoustic-similarity/data/sounds/503.wav
504,water,42,[50],5,/Users/pierce/Research/Telephone/acoustic-similarity/data/sounds/504.wav
505,zipper,49,[17],6,/Users/pierce/Research/Telephone/acoustic-similarity/data/sounds/505.wav
506,water,44,[39],6,/Users/pierce/Research/Telephone/acoustic-similarity/data/sounds/506.wav
507,tear,38,[0],7,/Users/pierce/Research/Telephone/acoustic-similarity/data/sounds/507.wav
508,zipper,46,[10],6,/Users/pierce/Research/Telephone/acoustic-similarity/data/sounds/508.wav
509,glass,36,[40],6,/Users/pierce/Research/Telephone/acoustic-similarity/data/sounds/509.wav
510,tear,39,[2],7,/Users/pierce/Research/Telephone/acoustic-similarity/data/sounds/510.wav
511,water,43,[41],6,/Users/pierce/Research/Telephone/acoustic-similarity/data/sounds/511.wav
512,zipper,46,[8],7,/Users/pierce/Research/Telephone/acoustic-similarity/data/sounds/512.wav
513,glass,37,[42],6,/Users/pierce/Research/Telephone/acoustic-similarity/data/sounds/513.wav
514,tear,41,[9],7,/Users/pierce/Research/Telephone/acoustic-similarity/data/sounds/514.wav
515,water,44,[43],6,/Users/pierce/Research/Telephone/acoustic-similarity/data/sounds/515.wav
516,glass,35,[44],6,/Users/pierce/Research/Telephone/acoustic-similarity/data/sounds/516.wav
517,zipper,46,[10],7,/Users/pierce/Research/Telephone/acoustic-similarity/data/sounds/517.wav
518,water,42,[45],6,/Users/pierce/Research/Telephone/acoustic-similarity/data/sounds/518.wav
519,tear,38,[11],7,/Users/pierce/Research/Telephone/acoustic-similarity/data/sounds/519.wav
520,glass,35,[46],6,/Users/pierce/Research/Telephone/acoustic-similarity/data/sounds/520.wav
521,zipper,48,[12],7,/Users/pierce/Research/Telephone/acoustic-similarity/data/sounds/521.wav
522,tear,41,[13],7,/Users/pierce/Research/Telephone/acoustic-similarity/data/sounds/522.wav
523,water,44,[47],6,/Users/pierce/Research/Telephone/acoustic-similarity/data/sounds/523.wav
524,glass,34,[48],6,/Users/pierce/Research/Telephone/acoustic-similarity/data/sounds/524.wav
525,zipper,48,[14],7,/Users/pierce/Research/Telephone/acoustic-similarity/data/sounds/525.wav
526,water,45,[49],6,/Users/pierce/Research/Telephone/acoustic-similarity/data/sounds/526.wav
527,tear,41,[15],7,/Users/pierce/Research/Telephone/acoustic-similarity/data/sounds/527.wav
528,zipper,49,[16],7,/Users/pierce/Research/Telephone/acoustic-similarity/data/sounds/528.wav
529,glass,37,[25],6,/Users/pierce/Research/Telephone/acoustic-similarity/data/sounds/529.wav
530,tear,40,[3],7,/Users/pierce/Research/Telephone/acoustic-similarity/data/sounds/530.wav
531,water,42,[50],6,/Users/pierce/Research/Telephone/acoustic-similarity/data/sounds/531.wav
532,zipper,49,[17],7,/Users/pierce/Research/Telephone/acoustic-similarity/data/sounds/532.wav
533,glass,34,[27],6,/Users/pierce/Research/Telephone/acoustic-similarity/data/sounds/533.wav
534,water,44,[51],6,/Users/pierce/Research/Telephone/acoustic-similarity/data/sounds/534.wav
535,tear,40,[1],7,/Users/pierce/Research/Telephone/acoustic-similarity/data/sounds/535.wav
536,water,44,[57],2,/Users/pierce/Research/Telephone/acoustic-similarity/data/sounds/536.wav
537,tear,39,[18],7,/Users/pierce/Research/Telephone/acoustic-similarity/data/sounds/537.wav
538,glass,34,[52],6,/Users/pierce/Research/Telephone/acoustic-similarity/data/sounds/538.wav
539,zipper,47,[55],2,/Users/pierce/Research/Telephone/acoustic-similarity/data/sounds/539.wav
540,zipper,47,[55],3,/Users/pierce/Research/Telephone/acoustic-similarity/data/sounds/540.wav
541,water,44,[57],3,/Users/pierce/Research/Telephone/acoustic-similarity/data/sounds/541.wav
542,glass,36,[53],6,/Users/pierce/Research/Telephone/acoustic-similarity/data/sounds/542.wav
543,tear,39,[19],7,/Users/pierce/Research/Telephone/acoustic-similarity/data/sounds/543.wav
544,glass,34,[54],6,/Users/pierce/Research/Telephone/acoustic-similarity/data/sounds/544.wav
545,water,44,[57],4,/Users/pierce/Research/Telephone/acoustic-similarity/data/sounds/545.wav
546,tear,41,[20],7,/Users/pierce/Research/Telephone/acoustic-similarity/data/sounds/546.wav
547,zipper,47,[55],4,/Users/pierce/Research/Telephone/acoustic-similarity/data/sounds/547.wav
548,zipper,47,[55],5,/Users/pierce/Research/Telephone/acoustic-similarity/data/sounds/548.wav
549,glass,36,[22],6,/Users/pierce/Research/Telephone/acoustic-similarity/data/sounds/549.wav
550,tear,40,[21],7,/Users/pierce/Research/Telephone/acoustic-similarity/data/sounds/550.wav
551,water,44,[57],5,/Users/pierce/Research/Telephone/acoustic-similarity/data/sounds/551.wav
552,tear,38,[0],8,/Users/pierce/Research/Telephone/acoustic-similarity/data/sounds/552.wav
553,zipper,47,[55],6,/Users/pierce/Research/Telephone/acoustic-similarity/data/sounds/553.wav
554,glass,35,[56],6,/Users/pierce/Research/Telephone/acoustic-similarity/data/sounds/554.wav
555,water,42,[75],5,/Users/pierce/Research/Telephone/acoustic-similarity/data/sounds/555.wav
556,glass,36,[22],7,/Users/pierce/Research/Telephone/acoustic-similarity/data/sounds/556.wav
557,zipper,49,[23],7,/Users/pierce/Research/Telephone/acoustic-similarity/data/sounds/557.wav
558,water,44,[57],6,/Users/pierce/Research/Telephone/acoustic-similarity/data/sounds/558.wav
559,tear,40,[1],8,/Users/pierce/Research/Telephone/acoustic-similarity/data/sounds/559.wav
560,tear,39,[2],8,/Users/pierce/Research/Telephone/acoustic-similarity/data/sounds/560.wav
561,zipper,49,[24],7,/Users/pierce/Research/Telephone/acoustic-similarity/data/sounds/561.wav
562,glass,37,[25],7,/Users/pierce/Research/Telephone/acoustic-similarity/data/sounds/562.wav
563,water,42,[58],6,/Users/pierce/Research/Telephone/acoustic-similarity/data/sounds/563.wav
564,water,43,[59],6,/Users/pierce/Research/Telephone/acoustic-similarity/data/sounds/564.wav
565,zipper,46,[26],7,/Users/pierce/Research/Telephone/acoustic-similarity/data/sounds/565.wav
566,glass,34,[27],7,/Users/pierce/Research/Telephone/acoustic-similarity/data/sounds/566.wav
567,tear,40,[3],8,/Users/pierce/Research/Telephone/acoustic-similarity/data/sounds/567.wav
